link,title
/sfc/npo/5227169633.html,P/T Recruiting Assistant - Executive Recruiting
/sfc/npo/5226977745.html,Bankwork$ Program Manager
/pen/npo/5226916724.html,Early Childhood Mental Health Clinician (Bilingual Spanish)
/pen/npo/5226908110.html,AOD Relief Counselor
/sfc/npo/5226886774.html,Become an Activist - GET PAID TO SAVE THE TREES!
/eby/npo/5226862839.html,Clinician - Partial Hospialization Program (PHP)
/eby/npo/5226861441.html,Clinician - Partial Hospialization Program (PHP)
/sby/npo/5226860074.html,Outpatient Therapist - Provide mental health services to families!
/eby/npo/5226859506.html,Classroom Therapist - Provide mental health services to youth!
/eby/npo/5226858370.html,Crisis Clinician- Part Time
/eby/npo/5226852890.html,Case Assistant - Strong Administrative Support - BA/BS Required!
/nby/npo/5226850416.html,Boys & Girls Clubs Vice President of Operations
/nby/npo/5226848607.html,YOUTH COORDINATOR
/pen/npo/5226841153.html,Intake Coordinator - Hope House Residential Treatment Program
/sfc/npo/5226841086.html,Program Assistent Position
/sfc/npo/5226840469.html,Caseworker
/sfc/npo/5226840007.html,Case Manager (Full Time)
/sfc/npo/5226834325.html,Case Manager (Full Time)
/sfc/npo/5226829347.html,CLINICAL CASE MANAGER
/sfc/npo/5226822174.html,THERAPIST
/eby/npo/5226813784.html,Office Administrator PART TIME 10 hrs/week
/sfc/npo/5226801833.html,"MAJOR GIFTS OFFICER, Asian Art Museum"
/eby/npo/5226796778.html,Development Director
/sfc/npo/5226781120.html,FINANCE DIRECTOR
/pen/npo/5226743339.html,Marketing and Communications Intern
/sby/npo/5226736106.html,Professional Caregiver
/pen/npo/5226722642.html,KidSmart Intern
/pen/npo/5226709474.html,Development Officer - Flexible Schedule
/nby/npo/5226692466.html,Alcohol & Other Drug Treatment - Service Director
/sby/npo/5226678400.html,COMMUNITY/MEMBER PROGRAMS COORDINATOR
/sfc/npo/5226671963.html,Database Innovator
/eby/npo/5226638931.html,Looking for a 4th Grade Teacher for the 2015-2016 School Year
/eby/npo/5226637533.html,★JOBS FIGHTING GLOBAL WARMING!!★★ $9-$14/Hr
/eby/npo/5226633810.html,Temporary 3rd Grade Teacher/Substitute Wanted for Maternity Leave
/eby/npo/5226615321.html,Experienced phone canvassers needed to help stop FRACKING!
/sfc/npo/5226564271.html,SFS Media Coordinator (Fixed-Term Contract)
/eby/npo/5226547848.html,✪MAKE AN IMPACT ON AN HISTORIC CIVIL RIGHTS CAMPAIGN $13-$17/hr
/sfc/npo/5226537804.html,Vocational Rehabilitation Case Manager
/sby/npo/5226525778.html,Director of Programs
/eby/npo/5226508408.html,After School Program Visual Arts Instructor
/eby/npo/5226503092.html,After School Program STEM Instructor
/sfc/npo/5226502325.html,Development Associate
/scz/npo/5226500821.html,☀☼ Activists Needed: Make friends! Make Money! $11-16/hr ☺
/eby/npo/5226500516.html,After School Program Sports and Recreation Instructor
/eby/npo/5226494897.html,After School Program Martial Arts Instructor
/eby/npo/5226491622.html,After School Program Garden and Nutrition Instructor
/sfc/npo/5226479768.html,Quality Assurance Specialist (Residential)
/sfc/npo/5226465469.html,SOCIAL WORKER-ONGOING Job No: 547
/sfc/npo/5226446070.html,Activities Director
/sby/npo/5226439683.html,High School Mixed Martial Arts Coach
/eby/npo/5226427166.html,Serve Your Community! Full Time AmeriCorps Positions Available
/sfc/npo/5226425336.html,Health Education Huckleberry Youth Health Center
/sfc/npo/5226419773.html,Administrative Assistant I
/sfc/npo/5226419704.html,Case Manager Huckleberry Youth Health Center
/sfc/npo/5226362073.html,Bilingual (Spanish) Social Worker-Early Start SFO
/pen/npo/5226347611.html,Social Worker --San Mateo Office (Job N. 544)
/sfc/npo/5226343009.html,Mental Health Triage Worker: Peer Provider (Marin County)
/eby/npo/5226309296.html,Join Our Team: Fight Monsanto & the Save the Bees! **Paid Position**
/pen/npo/5226290353.html,Math Coach (Middle and High School)
/eby/npo/5226283393.html,CHD Project SUCCESS Program Coordinator -- West Contra Costa County
/sfc/npo/5226278642.html,AV/IT Coordinator
/eby/npo/5226271783.html,CASE MANAGERS I & II (Bilingual - Spanish)
/eby/npo/5226265611.html,CASE MANAGERS I & II (Bilingual - Spanish)
/sfc/npo/5226259465.html,Director of External Affairs and Policy
/sfc/npo/5226255713.html,Bankwork$ Program Manager
/eby/npo/5226250322.html,Your teen can earn money by sharing their opinion
/eby/npo/5226244534.html,Part-time Computer Instructor - Independent Contractor
/eby/npo/5226243439.html,♛FIGHT FOR LGBT RIGHTS (510) 644 3894 ♛
/sfc/npo/5226212628.html,Mental Health Therapist -152DT-
/sfc/npo/5226212086.html,Weekend Janitor Veterans Common
/eby/npo/5226193649.html,Administrative Assistant
/eby/npo/5226181947.html,Senior Communications Manager
/eby/npo/5226178163.html,Communications Director
/sfc/npo/5226172939.html,Grants Manager
/nby/npo/5226161945.html,Supported Living Services Assistant Part Time
/sfc/npo/5226135958.html,Hiring Now--Save California's Forests AND get PAID!
/sfc/npo/5226119027.html,Branch Manager
/eby/npo/5226114199.html,Branch Manager
/eby/npo/5226111815.html,Intake Clinician - Fruitvale
/sfc/npo/5226072392.html,**✸GREENPEACE✸** Canvassers needed. $13-$15/hr +Bonus & Benefi
/sby/npo/5226062540.html,Bill Wilson Center Hiring Fair
/nby/npo/5226056370.html,Personal Assistant
/eby/npo/5226052645.html,"IMMEDIATE NEED!!! Therapist, Bilingual Preferred (Spanish/English)"
/sfc/npo/5226029757.html,Consulting Psychiatrist
/eby/npo/5225992293.html,Peer Mentor
/nby/npo/5225961592.html,Supported Living Counselor
/eby/npo/5225959472.html,"Development Associate, Western Region"
/sby/npo/5225932588.html,Nurse Case Manager
/eby/npo/5225791628.html,NORC- Field Interviewer-Oakland
/sby/npo/5225645696.html,NURSE: Community Based Health Home Nurse Navigator
/eby/npo/5225563680.html,Developmental Head Teacher
/eby/npo/5225430460.html,BILINGUAL RAPE CRISIS ADVOCATE
/sfc/npo/5225398245.html,Become an Activist - GET PAID TO SAVE THE TREES!
/sby/npo/5225352149.html,Wraparound Supervisor - Get into mental health management!
/sby/npo/5225351354.html,Clinical Supervisor - Children's Mental Health Agency
/eby/npo/5225349196.html,Bilingual Classroom Therapist - Provide support for youth at school!
/sfc/npo/5225348581.html,Bilingual Clinician - Therapeutic Behavioral Services (TBS)
/eby/npo/5225348154.html,Clinician - Intensive Case Management Program for youth
/nby/npo/5225347638.html,Bilingual Wraparound Clinician - Community-Based Support to Families!
/pen/npo/5225347597.html,Case Manager
link,title
/sfc/npo/5227169633.html,P/T Recruiting Assistant - Executive Recruiting
/sfc/npo/5226977745.html,Bankwork$ Program Manager
/pen/npo/5226916724.html,Early Childhood Mental Health Clinician (Bilingual Spanish)
/pen/npo/5226908110.html,AOD Relief Counselor
/sfc/npo/5226886774.html,Become an Activist - GET PAID TO SAVE THE TREES!
/eby/npo/5226862839.html,Clinician - Partial Hospialization Program (PHP)
/eby/npo/5226861441.html,Clinician - Partial Hospialization Program (PHP)
/sby/npo/5226860074.html,Outpatient Therapist - Provide mental health services to families!
/eby/npo/5226859506.html,Classroom Therapist - Provide mental health services to youth!
/eby/npo/5226858370.html,Crisis Clinician- Part Time
/eby/npo/5226852890.html,Case Assistant - Strong Administrative Support - BA/BS Required!
/nby/npo/5226850416.html,Boys & Girls Clubs Vice President of Operations
/nby/npo/5226848607.html,YOUTH COORDINATOR
/pen/npo/5226841153.html,Intake Coordinator - Hope House Residential Treatment Program
/sfc/npo/5226841086.html,Program Assistent Position
/sfc/npo/5226840469.html,Caseworker
/sfc/npo/5226840007.html,Case Manager (Full Time)
/sfc/npo/5226834325.html,Case Manager (Full Time)
/sfc/npo/5226829347.html,CLINICAL CASE MANAGER
/sfc/npo/5226822174.html,THERAPIST
/eby/npo/5226813784.html,Office Administrator PART TIME 10 hrs/week
/sfc/npo/5226801833.html,"MAJOR GIFTS OFFICER, Asian Art Museum"
/eby/npo/5226796778.html,Development Director
/sfc/npo/5226781120.html,FINANCE DIRECTOR
/pen/npo/5226743339.html,Marketing and Communications Intern
/sby/npo/5226736106.html,Professional Caregiver
/pen/npo/5226722642.html,KidSmart Intern
/pen/npo/5226709474.html,Development Officer - Flexible Schedule
/nby/npo/5226692466.html,Alcohol & Other Drug Treatment - Service Director
/sby/npo/5226678400.html,COMMUNITY/MEMBER PROGRAMS COORDINATOR
/sfc/npo/5226671963.html,Database Innovator
/eby/npo/5226638931.html,Looking for a 4th Grade Teacher for the 2015-2016 School Year
/eby/npo/5226637533.html,★JOBS FIGHTING GLOBAL WARMING!!★★ $9-$14/Hr
/eby/npo/5226633810.html,Temporary 3rd Grade Teacher/Substitute Wanted for Maternity Leave
/eby/npo/5226615321.html,Experienced phone canvassers needed to help stop FRACKING!
/sfc/npo/5226564271.html,SFS Media Coordinator (Fixed-Term Contract)
/eby/npo/5226547848.html,✪MAKE AN IMPACT ON AN HISTORIC CIVIL RIGHTS CAMPAIGN $13-$17/hr
/sfc/npo/5226537804.html,Vocational Rehabilitation Case Manager
/sby/npo/5226525778.html,Director of Programs
/eby/npo/5226508408.html,After School Program Visual Arts Instructor
/eby/npo/5226503092.html,After School Program STEM Instructor
/sfc/npo/5226502325.html,Development Associate
/scz/npo/5226500821.html,☀☼ Activists Needed: Make friends! Make Money! $11-16/hr ☺
/eby/npo/5226500516.html,After School Program Sports and Recreation Instructor
/eby/npo/5226494897.html,After School Program Martial Arts Instructor
/eby/npo/5226491622.html,After School Program Garden and Nutrition Instructor
/sfc/npo/5226479768.html,Quality Assurance Specialist (Residential)
/sfc/npo/5226465469.html,SOCIAL WORKER-ONGOING Job No: 547
/sfc/npo/5226446070.html,Activities Director
/sby/npo/5226439683.html,High School Mixed Martial Arts Coach
/eby/npo/5226427166.html,Serve Your Community! Full Time AmeriCorps Positions Available
/sfc/npo/5226425336.html,Health Education Huckleberry Youth Health Center
/sfc/npo/5226419773.html,Administrative Assistant I
/sfc/npo/5226419704.html,Case Manager Huckleberry Youth Health Center
/sfc/npo/5226362073.html,Bilingual (Spanish) Social Worker-Early Start SFO
/pen/npo/5226347611.html,Social Worker --San Mateo Office (Job N. 544)
/sfc/npo/5226343009.html,Mental Health Triage Worker: Peer Provider (Marin County)
/eby/npo/5226309296.html,Join Our Team: Fight Monsanto & the Save the Bees! **Paid Position**
/pen/npo/5226290353.html,Math Coach (Middle and High School)
/eby/npo/5226283393.html,CHD Project SUCCESS Program Coordinator -- West Contra Costa County
/sfc/npo/5226278642.html,AV/IT Coordinator
/eby/npo/5226271783.html,CASE MANAGERS I & II (Bilingual - Spanish)
/eby/npo/5226265611.html,CASE MANAGERS I & II (Bilingual - Spanish)
/sfc/npo/5226259465.html,Director of External Affairs and Policy
/sfc/npo/5226255713.html,Bankwork$ Program Manager
/eby/npo/5226250322.html,Your teen can earn money by sharing their opinion
/eby/npo/5226244534.html,Part-time Computer Instructor - Independent Contractor
/eby/npo/5226243439.html,♛FIGHT FOR LGBT RIGHTS (510) 644 3894 ♛
/sfc/npo/5226212628.html,Mental Health Therapist -152DT-
/sfc/npo/5226212086.html,Weekend Janitor Veterans Common
/eby/npo/5226193649.html,Administrative Assistant
/eby/npo/5226181947.html,Senior Communications Manager
/eby/npo/5226178163.html,Communications Director
/sfc/npo/5226172939.html,Grants Manager
/nby/npo/5226161945.html,Supported Living Services Assistant Part Time
/sfc/npo/5226135958.html,Hiring Now--Save California's Forests AND get PAID!
/sfc/npo/5226119027.html,Branch Manager
/eby/npo/5226114199.html,Branch Manager
/eby/npo/5226111815.html,Intake Clinician - Fruitvale
/sfc/npo/5226072392.html,**✸GREENPEACE✸** Canvassers needed. $13-$15/hr +Bonus & Benefi
/sby/npo/5226062540.html,Bill Wilson Center Hiring Fair
/nby/npo/5226056370.html,Personal Assistant
/eby/npo/5226052645.html,"IMMEDIATE NEED!!! Therapist, Bilingual Preferred (Spanish/English)"
/sfc/npo/5226029757.html,Consulting Psychiatrist
/eby/npo/5225992293.html,Peer Mentor
/nby/npo/5225961592.html,Supported Living Counselor
/eby/npo/5225959472.html,"Development Associate, Western Region"
/sby/npo/5225932588.html,Nurse Case Manager
/eby/npo/5225791628.html,NORC- Field Interviewer-Oakland
/sby/npo/5225645696.html,NURSE: Community Based Health Home Nurse Navigator
/eby/npo/5225563680.html,Developmental Head Teacher
/eby/npo/5225430460.html,BILINGUAL RAPE CRISIS ADVOCATE
/sfc/npo/5225398245.html,Become an Activist - GET PAID TO SAVE THE TREES!
/sby/npo/5225352149.html,Wraparound Supervisor - Get into mental health management!
/sby/npo/5225351354.html,Clinical Supervisor - Children's Mental Health Agency
/eby/npo/5225349196.html,Bilingual Classroom Therapist - Provide support for youth at school!
/sfc/npo/5225348581.html,Bilingual Clinician - Therapeutic Behavioral Services (TBS)
/eby/npo/5225348154.html,Clinician - Intensive Case Management Program for youth
/nby/npo/5225347638.html,Bilingual Wraparound Clinician - Community-Based Support to Families!
/pen/npo/5225347597.html,Case Manager
